round,slice,frame,object_ref,cell,what,why,severity,owner,rule_id,evidence,action,rules_version,note
calib,C0,adasind_019560.jpg,L1,na,SPURIOUS,E1_annotator_error,P1,annotator,R03,"p1_calib/compare.html: L1 Pedestrian (452,731,536,866) nằm trên người đang ngồi lái xe máy; R2 Bike (427,736,535,910) của reference ôm cả người + xe",keep_with_reason,v1.0.0,"Ca cụ thể trên ảnh, không phải số tổng hợp. Mình đã tách người lái thành Pedestrian + Bike; theo R03 người ngồi lái = một Bike. Bản C0 đã khóa nên không sửa; áp dụng R03 cho slice P2"
calib,C0,adasind_019560.jpg,R5,na,MISSING,E1_annotator_error,P1,annotator,R06,"p1_calib/compare.html: R5 ThreeWheeler (327,721,457,849) xe ba bánh đỏ đỗ ven đường; L phủ cụm này bằng ignore_region reason=unreadable",keep_with_reason,v1.0.0,"Xe vẫn đọc được hình dạng/class; ô mờ chỉ là che biển số (privacy), không phải 'mờ/che gần hết' theo R06. Không được dùng ignore để né box vật đọc được"
calib,C0,adasind_019560.jpg,R6,na,MISSING,E1_annotator_error,P1,annotator,R06,"p1_calib/compare.html: R6 ThreeWheeler (287,743,338,825) tuk-tuk xanh cạnh R5, cùng bị phủ bởi ignore unreadable của L",keep_with_reason,v1.0.0,"Cùng nguyên nhân với R5. Số tổng hợp của hình prelabel-quality.png là của YOLO26m trên 48 frame, không nói gì về ca này; phải soi trên ảnh"
r2_qa,B3-edge,adasind_123090.jpg,L2,L_only,DUPLICATE,,P1,qa,R03,"r2_qa/qa_overlay.html: Car (180,964)-(251,1032) chồng lên rider của L4 Bike",,v1.0.0,Một xe máy có người lái = một Bike
r2_qa,B3-edge,adasind_128310.jpg,L1,L_only,BOX_GEOMETRY,,P1,qa,R02,"r2_qa/qa_overlay.html: Truck (724,905)-(1075,1071) ôm hai xe tải tách biệt",,v1.0.0,"Cần hai box: xe sơn màu x≈724-870, xe vàng x≈860-1075"
r2_qa,B3-edge,adasind_128310.jpg,L5,L_only,IGNORE_SCOPE,,P0,qa,R06,"r2_qa/qa_overlay.html: ignore_region unreadable là rectangle (425,927)-(476,992) trên xe trắng cao ~65px",,v1.0.0,R06 cần polygon; rectangle bị tính như box vật
r2_qa,B3-edge,adasind_199770.jpg,L3,L_only,WRONG_CLASS,,P1,qa,R03,"r2_qa/qa_overlay.html: Bike (959,1280)-(1080,1553) chỉ chứa chân người",,v1.0.0,"Nhìn thấy người, không thấy xe"
r1_craft,B3-edge,adasind_123090.jpg,L2,na,SPURIOUS,E1_annotator_error,P1,annotator,R03,Như r3_diag L2,rework,v1.0.0,
r1_craft,B3-edge,adasind_128310.jpg,L5+R4,na,WRONG_CLASS,E1_annotator_error,P0,annotator,R06,ignore rectangle đè Car R4,rework,v1.0.0,Như r3_diag L5
r1_craft,B3-edge,adasind_199770.jpg,L3,na,IGNORE_SCOPE,E0_reference_defect,P0,data_ops,R07,L3 bị tính IGNORE_SCOPE vì nằm trong ego_body sai vị trí của R,escalate,v1.0.0,"Class L3 cũng sai (chân người, không phải Bike), sửa ở rework"
r1_craft,B3-edge,adasind_199770.jpg,L9,na,IGNORE_SCOPE,E0_reference_defect,P0,data_ops,R07,L9 ThreeWheeler (913-1080) bị tính IGNORE_SCOPE do ego_body sai của R,escalate,v1.0.0,Cùng ticket
r1_craft,B3-edge,adasind_199770.jpg,L2,na,SPURIOUS,E5_unresolved,P2,qa,R01,Như r3_diag L2+M9,keep_with_reason,v1.0.0,
r1_craft,B3-edge,adasind_199770.jpg,L4,na,SPURIOUS,E5_unresolved,P2,annotator,R01,Như r3_diag L4,keep_with_reason,v1.0.0,
r1_craft,B3-edge,adasind_199770.jpg,L6,na,SPURIOUS,E2_guideline_gap,P2,guideline,R04,Như r3_diag L6,keep_with_reason,v1.0.0,
r1_craft,B3-edge,adasind_199770.jpg,R3,na,MISSING,E1_annotator_error,P1,annotator,R01,Như r3_diag R3+M10,rework,v1.0.0,
r1_craft,B3-edge,adasind_199770.jpg,R4,na,MISSING,E0_reference_defect,P0,data_ops,R07,Như r3_diag R4,escalate,v1.0.0,
r1_craft,B3-edge,adasind_199770.jpg,R5,na,MISSING,E1_annotator_error,P1,annotator,R06,Như r3_diag R5,rework,v1.0.0,
r1_craft,B3-edge,adasind_199770.jpg,R6,na,MISSING,E1_annotator_error,P1,annotator,R06,Như r3_diag R6,rework,v1.0.0,
r3_diag,B3-edge,adasind_123090.jpg,L2,L_only,SPURIOUS,E1_annotator_error,P1,annotator,R03,"compare.html L2 Car (180,964)-(251,1032) chồng rider của L4/R3 Bike (183,951)-(250,1091); R không có Car ở đây",rework,v1.0.0,Xoá box thừa; QA r2_qa đã chỉ ra cùng ca
r3_diag,B3-edge,adasind_123090.jpg,M3,M_only,SPURIOUS,E4_model_domain,P2,ai_team,R03,"model_compare.html M3 Pedestrian (183,953)-(250,1065) + M6 Pedestrian + M4 Bike trên cùng một xe máy có người lái",keep_with_reason,v1.0.0,"Model tách rider thành người + xe theo quy ước ảnh phẳng; lặp ở C0 và 123090 nên là mẫu hệ thống, không phải một box lệch"
r3_diag,B3-edge,adasind_123090.jpg,M6,M_only,SPURIOUS,E4_model_domain,P2,ai_team,R03,"model_compare.html M6 Pedestrian (184,953)-(246,1036) trùng M3 trên cùng rider",keep_with_reason,v1.0.0,Cùng nguyên nhân M3; model còn sinh 2 box người chồng nhau
r3_diag,B3-edge,adasind_128310.jpg,L1+R5,LR_noM,MISSING,E4_model_domain,P2,ai_team,R02,"model_compare.html: L1 và R5 đều một Truck ôm cabin sơn màu + thùng vàng (x 704-1080); M4 chỉ box cabin (704,878)-(878,1074)",keep_with_reason,v1.0.0,"L và R đồng ý đây là MỘT xe tải dài; model cắt đôi vật dài ở mép. Nhận xét QA r2_qa L1 (tách hai box) là sai, giữ nhãn"
r3_diag,B3-edge,adasind_128310.jpg,L5,L_only,SPURIOUS,E1_annotator_error,P0,annotator,R06,"compare.md L5+R4 WRONG_CLASS: ignore_region rectangle (425,927)-(476,992) đè lên R4 Car (420,925)-(476,991)",rework,v1.0.0,"Dùng ignore để né một xe đọc được, lại vẽ bằng rectangle nên bị tính như box; cùng kiểu lỗi C0 R5/R6"
r3_diag,B3-edge,adasind_128310.jpg,R4+M6,RM_noL,MISSING,E1_annotator_error,P0,annotator,R06,"model_compare.html R4+M6: cả R và M thấy Car trắng (420-476, 925-991); L chỉ có ignore rectangle",rework,v1.0.0,Cùng ca L5; sửa thành box Car
r3_diag,B3-edge,adasind_128310.jpg,M4,M_only,SPURIOUS,E4_model_domain,P2,ai_team,R02,"model_compare.html M4 Truck (704,878)-(878,1074) chỉ phủ cabin của R5",keep_with_reason,v1.0.0,Cùng ca L1+R5
r3_diag,B3-edge,adasind_199770.jpg,L1+R7,LR_noM,MISSING,E4_model_domain,P2,ai_team,R04,"model_compare.html: L1 Truck (225,815)-(275,861) khớp R7 Truck; M6 gọi Car",keep_with_reason,v1.0.0,Model nhầm class vật nhỏ ở xa; QA r2_qa nghi R04 nhưng R đồng ý Truck nên giữ nhãn
r3_diag,B3-edge,adasind_199770.jpg,L10+R2,LR_noM,MISSING,E4_model_domain,P2,ai_team,R04,"model_compare.html: L10/R2 ThreeWheeler mép trái; M8 gọi Car (0,783)-(82,935)",keep_with_reason,v1.0.0,"YOLO26m không có lớp ThreeWheeler nên gọi Car/Truck ở M8, M12, M7: 3 box cùng mẫu trong frame"
r3_diag,B3-edge,adasind_199770.jpg,L5+R8,LR_noM,MISSING,E4_model_domain,P2,ai_team,R04,"model_compare.html: L5/R8 ThreeWheeler (371-532); M12 gọi Car (373,809)-(530,947)",keep_with_reason,v1.0.0,Cùng mẫu thiếu lớp ThreeWheeler
r3_diag,B3-edge,adasind_199770.jpg,L2+M9,LM_noR,SPURIOUS,E5_unresolved,P2,qa,R01,"model_compare.html L2+M9: người cao ~54 px ở (352,832)-(372,886); L và M thấy, R không có",keep_with_reason,v1.0.0,Có thể reference sót; cần phóng ảnh gốc xác nhận người và chiều cao >=40 px trước khi gọi E0
r3_diag,B3-edge,adasind_199770.jpg,L4,L_only,SPURIOUS,E5_unresolved,P2,annotator,R01,"compare.html L4 Pedestrian occluded (614,837)-(650,911) giữa xe tay ga đỏ và người áo trắng; R và M không có",keep_with_reason,v1.0.0,Chưa chắc là người thứ hai hay một phần người áo trắng/xe; cần xem frame liền kề
r3_diag,B3-edge,adasind_199770.jpg,L6,L_only,SPURIOUS,E2_guideline_gap,P2,guideline,R04,"compare.html L6 ThreeWheeler (375,825)-(422,903) + L5 (414-530) so với một R8 (371-532); ảnh phóng thấy xe đẩy/xích lô có dù (x 377-457) sát một auto (x 457-530)",keep_with_reason,v1.0.0,Luật chưa nói xe đẩy hàng có dù thuộc class nào và khi nào tách hai xe dính nhau; đề xuất ở 20_guideline_patch
r3_diag,B3-edge,adasind_199770.jpg,R3+M10,RM_noL,MISSING,E1_annotator_error,P1,annotator,R01,"model_compare.html R3+M10 Pedestrian (847,829)-(905,947) dưới mái hiên phải, cao ~118 px; L bỏ sót",rework,v1.0.0,"Vật trong vùng tối dưới mái hiên, dễ sót khi soát nhanh"
r3_diag,B3-edge,adasind_199770.jpg,R4,R_only,MISSING,E0_reference_defect,P0,data_ops,R07,"screenshots/ref-199770-ego-body.png: R có ego_body polygon (924-1080, 813-1552) ở MÉP PHẢI trùm xe ba bánh R4 và chân người; người lái ego (áo caro) ở mép trái không có ego_body",escalate,v1.0.0,Reference tự box R4 trong vùng ignore của nó; mọi box L ở mép phải thành IGNORE_SCOPE; xem 30_escalation_ticket.md
r3_diag,B3-edge,adasind_199770.jpg,R5,R_only,MISSING,E1_annotator_error,P1,annotator,R06,"compare.html R5 Bike (91,836)-(119,903): xe máy đỗ; L phủ cụm bằng ignore_region crowd_or_group",rework,v1.0.0,Hai xe tách được bằng mắt ở ảnh phóng nên không phải crowd; cùng kiểu lỗi C0
r3_diag,B3-edge,adasind_199770.jpg,R6,R_only,MISSING,E1_annotator_error,P1,annotator,R06,"compare.html R6 Bike (109,839)-(144,882) xe máy đỗ thứ hai trong cụm crowd_or_group",rework,v1.0.0,Cùng ca R5
r3_diag,B3-edge,adasind_199770.jpg,M4,M_only,SPURIOUS,E0_reference_defect,P0,data_ops,R07,"model_compare.html M4 Pedestrian (0,987)-(140,1577) = người lái ego mép trái; ở 123090 (M5) và 128310 (M5) box tương tự bị ego_body của R loại, ở 199770 thì không",escalate,v1.0.0,"Model gọi người lái ego là Pedestrian ở cả 3 frame (E4 hệ thống), nhưng chỉ 199770 lọt thành M_only vì R thiếu ego_body bên trái; cùng ticket R4"
r3_diag,B3-edge,adasind_199770.jpg,M5,M_only,SPURIOUS,E5_unresolved,P2,ai_team,R03,"model_compare.html M5 Bike (77,832)-(147,904) ôm chung R5 và R6",keep_with_reason,v1.0.0,"Model gộp hai xe đỗ sát; một box chưa đủ để gọi E4, cần thêm frame có cụm xe"
r3_diag,B3-edge,adasind_199770.jpg,M6,M_only,SPURIOUS,E4_model_domain,P2,ai_team,R04,"model_compare.html M6 Car (223,814)-(274,861) trên R7 Truck",keep_with_reason,v1.0.0,Cùng mẫu nhầm class xe của model trong frame
r3_diag,B3-edge,adasind_199770.jpg,M8,M_only,SPURIOUS,E4_model_domain,P2,ai_team,R04,"model_compare.html M8 Car (0,783)-(82,935) trên R2 ThreeWheeler",keep_with_reason,v1.0.0,Thiếu lớp ThreeWheeler
r3_diag,B3-edge,adasind_199770.jpg,M11,M_only,SPURIOUS,E5_unresolved,P2,ai_team,R01,"model_compare.html M11 Pedestrian (676,835)-(706,915) chồng nửa phải người áo trắng R1 (618-701)",keep_with_reason,v1.0.0,Có thể người thứ hai đứng sau hoặc box trùng; cần frame liền kề
r3_diag,B3-edge,adasind_199770.jpg,M12,M_only,SPURIOUS,E4_model_domain,P2,ai_team,R04,"model_compare.html M12 Car (373,809)-(530,947) trên R8 ThreeWheeler",keep_with_reason,v1.0.0,Thiếu lớp ThreeWheeler
r3_diag,B3-edge,adasind_199770.jpg,M13,M_only,SPURIOUS,E5_unresolved,P2,qa,R01,"model_compare.html M13 Pedestrian (752,850)-(776,923) cao ~73 px; ảnh phóng thấy một người đứng dưới mái hiên; L và R đều không có",escalate,v1.0.0,Có thể cả L và reference sót; cần người soát thứ hai xác nhận trước khi thêm vào reference
